id;name;surname;age
57fb51129586e;testName0;testSurname0;1
57fb5112a0b25;testName1;testSurname1;2
57fb5112ab7d3;testName2;testSurname2;3
57fb5112b1722;testName3;testSurname3;4
57fb5112b70a6;testName4;testSurname4;5
57fb5112bbe03;testName5;testSurname5;6
57fb5112c08e9;testName6;testSurname6;7
57fb5112c5500;testName7;testSurname7;8
57fb5112cff65;testName8;testSurname8;9
57fb5112d5557;testName9;testSurname9;10
57fb5112ebb2f;testName10;testSurname10;11
57fb5113254a2;testName11;testSurname11;12
57fb51135193d;testName12;testSurname12;13
57fb511356d1d;testName13;testSurname13;14
57fb51135dba8;testName14;testSurname14;15
57fb511367f74;testName15;testSurname15;16
57fb51136ff5c;testName16;testSurname16;17
57fb511374d91;testName17;testSurname17;18
57fb51137bb3b;testName18;testSurname18;19
57fb511382c84;testName19;testSurname19;10
57fb51138e71a;testName20;testSurname20;21
57fb511398ed6;testName21;testSurname21;22
57fb5113a2e76;testName22;testSurname22;23
57fb5113ad4c1;testName23;testSurname23;24
57fb5113b8b7f;testName24;testSurname24;25
57fb5113c2b25;testName25;testSurname25;26
57fb5113cca36;testName26;testSurname26;27
57fb5113d61e7;testName27;testSurname27;28
57fb5113df4dd;testName28;testSurname28;29
57fb5113e88c0;testName29;testSurname29;20
57fb5113f2947;testName30;testSurname30;31
57fb51140a1bd;testName31;testSurname31;32
57fb511414f28;testName32;testSurname32;33
57fb51141e9f1;testName33;testSurname33;34
57fb51142921e;testName34;testSurname34;35
57fb511432261;testName35;testSurname35;36
57fb51143d113;testName36;testSurname36;37
57fb511443614;testName37;testSurname37;38
57fb511448847;testName38;testSurname38;39
57fb51144e0f4;testName39;testSurname39;30
57fb511453683;testName40;testSurname40;41
57fb511458cc8;testName41;testSurname41;42
57fb51145e361;testName42;testSurname42;43
57fb5114638df;testName43;testSurname43;44
57fb511468f97;testName44;testSurname44;45
57fb51146ea43;testName45;testSurname45;46
57fb5114740d7;testName46;testSurname46;47
57fb5114794a2;testName47;testSurname47;48
57fb51147e991;testName48;testSurname48;49
57fb511484132;testName49;testSurname49;40